isohash2,hash,author,family,result
3af6daf2a7d55e71,16f8b291c8cdedb5ca7210fa0eeb34d9,anders,graph-coloring,unsat
05e25e715866eed0,043c91001968a1fbd1ef419540fcb396,anders,graph-coloring,unknown
a3c1627e6a6d8e68,9ba8145e0d02318dea5507fc3ba03472,anders,graph-coloring,unsat
4513cf8e4859e49e,997491c0cbc3e558a3e3266e2a142215,anders,graph-coloring,unsat
35f6affa21da215e,6ddda96839bb24cd7389d5556d3ab16d,anders,graph-coloring,unknown
d43c91a352a74301,e5787bb4c8c29aa39b14a5e11387999d,anders,graph-coloring,unknown
a8654b267b56591e,65bf849f3e86ab275e339934f4d140a0,anders,graph-coloring,unsat
d9dbf8fc50afbbe8,306a29e966fa6293d407bc7ebbc3ecb1,anders,graph-coloring,unsat
2c32ef51664d4b42,e91253303b915493090c1f4b59d9e969,anders,graph-coloring,unsat
8efc2a3c70e9e052,0f1070ba60b55aa62d3a98798a14700e,anders,graph-coloring,unsat
51feeb7bc38ff304,d1335d8a6a98a1988b54e1f481a64fcf,anders,graph-coloring,unknown
bd3b483c08576a1c,7372171e2e794a98cda6540676608f32,anders,graph-coloring,unsat
304a88ad9b742a0e,65ee6b49612eccb7d213e4d950f23677,biere,lights-out,sat
3128705fa5c5b0c5,32e344a5ab3af245f982678d2b751c6d,biere,lights-out,unsat
34471efb31944a96,28dcc4119e1bbb5fbd3fdd8f4140f28d,biere,lights-out,sat
41513af34f7ecb69,0efcbd10294eb001b16b4d126923372f,biere,lights-out,unsat
c4904e76974e686d,01d6fa8efd18ebfecd06af408958477b,biere,lights-out,sat
cae58d0dc48ffbb4,667341ee8c1dea3db613db317e2b2c33,biere,lights-out,unsat
d2dc9f9844b2746f,80b163b706e0a16702173ec27f3d1331,biere,lights-out,unsat
1444fc1dc6ba3ab8,34360a677fc854189c982294853e6891,ding,argumentation,sat
1d9057de10084db9,218f0eccbff400e06c9736bd759c1d3a,ding,argumentation,sat
2d6377d0c59bcb4d,44196693d2cfdb787ba578eef4272f74,ding,argumentation,sat
2e8dcd288e9d783c,80bb5209e88def5643bf5593320b104f,ding,argumentation,sat
39bf65a2febcc895,d699355595398f0765c5f51c9d0ad852,ding,argumentation,sat
5713543802b962a1,365a02a7d781d655bb2a64d2273a2d0c,ding,argumentation,sat
90b6548256eff43e,af8248aa34c4803bfc0add954cf2e620,ding,argumentation,sat
9b13666bcfc11b57,d737aeb8e2eb9baed7f007056b3874af,ding,argumentation,sat
b3c69b4c69bf1647,3b608084b3caae2e9517a2d58cdcd275,ding,argumentation,sat
ef7a6a54e695e8ce,f15a3ce898e0c66f309bf07d73744adf,ding,argumentation,sat
f013056e334839a5,2bb63853a9b8b9b9327a142210a9f437,ding,argumentation,sat
b0fe5f25f99ad7d4,ba7732774961fdf7508a998a41bd5366,faraja,graph-coloring,unsat
25de7c8456ba53be,fe776dd02d74e0d68a3e3fc3f9d934de,gopalan,van-der-waerden,unknown
360cda9975668ef6,0757e47d262b75171c0040987e6d20ce,gopalan,van-der-waerden,unknown
99d6c1cb5f03ef23,7cd6b940be001c46c6294d7cac9aa610,gopalan,van-der-waerden,unknown
17f12ff134abebc5,4d6bd7b2c674fb67b271127586914b74,gopalan,van-der-waerden,sat
b9adbf904176e2bb,782b29d2d691fdc94e0ec5b899390e10,gopalan,van-der-waerden,sat
b6ae6503da1d2a4a,68ef4b1ed6a28c75defea64bb7d53e06,gopalan,van-der-waerden,unknown
20f6b69d02c75a2a,996bd6326ca560055b6fe916708dfdaa,gopalan,van-der-waerden,unsat
5cf890deb070d158,c14f0c610d59a9d5e8cec328485b916f,gopalan,van-der-waerden,unsat
6c288f74778f1bbd,dc3ac89f98e9c3fc43450e256dce1154,gopalan,van-der-waerden,unsat
351e4efb002966b7,a20f076f7fce54172e823c63ea7948f7,gopalan,van-der-waerden,unsat
5843b2c8107ebbec,ab17eed90e4da47767f72f518e3b4a26,gopalan,van-der-waerden,sat
b704c56f528cc93f,66204949278cdd9d81e102eace6d4669,gopalan,van-der-waerden,unsat
af8bd3a15dfc186c,744238c5aadea40f8e05db49429da576,green,linear-equations,unknown
e32bf02301372e85,aca9f4faabeb57a57c678d55f5bbd2f4,green,linear-equations,unknown
0f086e84cc6da5f6,30c6fa5c4f5910029b782b712844c93a,green,linear-equations,unknown
499db26edcf164f5,9078ea73ff67edf2b6dcd007c9696ca0,green,linear-equations,unknown
d5a6f30f130e0bae,e3a132ecb8108f7d8a46b6686e686b60,green,linear-equations,unknown
847636de1bcdebf8,2d89fda1bd6a761ca5e2f4bb89202681,green,linear-equations,unknown
0d417b22401db5ac,fed3f8d39738c2e935e8ed13ddeb6967,green,linear-equations,unknown
ae33b52e153c08a7,511f1794698a8620c18a7cc32cfc7776,green,linear-equations,unknown
6dd0801c092d978e,4d84e818a5ab324dde37429dd2455551,green,linear-equations,unknown
4b04ae94a11e1366,8e1cdc28bad48753110be5bd578cb934,green,linear-equations,unknown
7c33377dd501f733,ab2ab3a0651f0f35ba319ad976b1b6fd,green,linear-equations,unknown
e22862b92fd5a2d0,247e42e46495f1c4b8707e497af8c93e,green,linear-equations,unknown
2149ca5979656414,5babccd4bf9b270acf0568bba32313bd,guo,ecc-equivalence-checking,sat
2a2c517a7e30d08e,4e0de894799790b06e8d6c3efd109ade,guo,ecc-equivalence-checking,sat
4a6dbb52dae072d9,ee8c86d39745aea1c1731d4f34bcaed7,guo,ecc-equivalence-checking,sat
5458fea10cdb21d6,f554b55356a5e0ed39dbf8c1030ebce0,guo,ecc-equivalence-checking,sat
5a638fd2364bab01,bb8db7af8ede49391a66d4442d91c10b,guo,ecc-equivalence-checking,sat
789b7930c091ef40,9a4671d8bb658361162976c0f06cc47e,guo,ecc-equivalence-checking,sat
7de1171d50a4b70a,57f6bbfc8be5a981322fe9991209aa33,guo,ecc-equivalence-checking,sat
8c0b8a85f8fa0e7c,9c5dd2eb0a40a150c686459a118c720a,guo,ecc-equivalence-checking,sat
95f0c9bfdab2786f,c3bc9b01e5f804723b74715508941bf2,guo,ecc-equivalence-checking,sat
ce5c9c41ac58a855,bbcfd33f07cbf6fefa950d8254aa34ce,guo,ecc-equivalence-checking,sat
0f1d5c449b969f96,8db998d5fd64f85a1847115208f73873,hangjiang,stable-semantics,sat
157ab60a6e0d543d,97af3e49faef7cf67794928b6690b67c,hangjiang,stable-semantics,sat
32016c7b7471080e,f2c6d035d0aa58cc06927af6be7a821f,hangjiang,stable-semantics,unsat
342c953fcc39d165,bf8c8761003704e761ce36db6665f741,hangjiang,stable-semantics,unsat
44be8be47a9aa6ef,5de866bc7ff4dfde3cd682b5aca75894,hangjiang,stable-semantics,sat
4845ee484b72d24e,958fd8bd1936e5bad8cbccae492edd81,hangjiang,stable-semantics,unsat
635cb0812e49ef66,c557ad9cb79983b9d429c219e3cecbb8,hangjiang,stable-semantics,unsat
6f73a941f110a1b1,e1292f8d651e022362630d34fef69312,hangjiang,stable-semantics,sat
92dd3f580f68917e,6cd46641ebd4c840b8f116d14ca17dfd,hangjiang,stable-semantics,sat
a3eb0f8c45c44c4c,2ca47af4ab7a817725138b8b66e9af7f,hangjiang,stable-semantics,sat
a73f71f5f7856bf4,ee44c3f464238366729bf2cb16eb412a,hangjiang,stable-semantics,sat
e8d0fad8264021e6,b6de3c794e223fe515682f52e5d81272,hangjiang,stable-semantics,unsat
d13f0339ac450d54,37fa67bd34cc613f3fc6954cdee943c1,liang,syndrome-decoding,sat
7c39f83ca2b91a17,a5dc08b83ff806ac2c2c8cc23053fb07,liang,syndrome-decoding,sat
416e11b1f252fd1a,de3440b67769e7af00e58ec9cce9847b,liang,syndrome-decoding,unknown
0a06389f430e2e4b,5fb5e437292532efe687ac6f74a9cb76,liang,syndrome-decoding,sat
e9734af81292ef7f,654241eda3e1283f4b139192d1db055a,liang,syndrome-decoding,sat
54704feecd2194a4,7efc1b160fb755fb1e8b6bcc70bbeb90,liang,syndrome-decoding,unknown
6cfc36af4810f832,dd062c307e10ebbb0d5641709ff26a7e,liang,syndrome-decoding,sat
6da5d2777d7affb1,1c0fe2ac410f3942e374ea72ec005d76,liang,syndrome-decoding,sat
b8627cd9ffafc4a7,7fa502dfce37c37c1cafd50b3fba263f,liang,syndrome-decoding,sat
c351b0578df96c1f,515511be3905018ae7e6eb7ba7064d72,liang,syndrome-decoding,sat
a15b31ab4aae9f51,33c8aca6a52d10e040da959439834d6a,liang,syndrome-decoding,sat
49ce0a17c079cc48,a9856534b6ca67123d58dd5fd9c9a1b2,liang,syndrome-decoding,sat
cbbd70fa135409a3,757d64688ac60cba697a980dfbbf5075,oertel,chnl,unsat
8288c54c5c272eda,0ec6bf97a96b9840ae84f1d1da4c4dcd,oertel,count,unsat
9e87a4802069a11a,fbd9968f5067604694f11f14c07c5527,oertel,count,unsat
66c7de224fb3967b,bcdc894819cf050e57849fe84a1e8cc4,oertel,chnl,unsat
e496372badd8cd51,58eaf62034046ed4fc52562869569b44,oertel,count,unsat
4e5da1875cfe7b1f,a95f0373ebf724f474fcc9ccd7197bd9,oertel,chnl,unsat
f767f8deb6bc3a9d,2027301e88cb029e4b47b747da8a180a,oertel,chnl,unsat
3965e539d33bd6d4,1fb646d2657b6dd5f0106dbec9fd6c27,oertel,chnl,unsat
aeed04658ca4bdf1,35e0b5a19c88961d98dd806e805759f4,oertel,count,unsat
3b6d743f4156e8e8,727ebce936c010888c7f71f00885e643,oertel,count,unsat
3e5bfa82f6729b34,b0142b06940fb02e2b4ddb7a2101a3d6,oertel,count,unsat
a979f3cd688fc5b5,8fcde459f828e0df9672933e68fa1af2,oertel,chnl,unsat
ed2ad4cdd14f5d6a,f497bda3018958d7ba2d1cd99da3982e,reeves,graph-coloring,unsat
bc9d9f06f48c60bd,981b0e855eed536df112bf2e4ff98807,reeves,graph-coloring,unsat
9b4c6d55b06965a1,1fac905143027e3bf0932c09f427aa15,reeves,graph-coloring,unsat
8e6a5e45a031da31,8aa9ffb211d1cba850be2ee9d173b7e1,reeves,graph-coloring,unsat
057ff55e702f5519,117b99ffa16d21cb4ccb1c66829b0c7e,reeves,graph-coloring,unknown
02ec58b0a1614900,ff706804d01ac07e8b8502de6331f2de,reeves,graph-coloring,unsat
58776364007b1af9,b13ba48e09e575d6a628c02200ac23f7,reeves,graph-coloring,unsat
17109520c4462fd1,15e666a42158e3304fc3979de28a5e44,reeves,graph-coloring,unsat
f73df5eca25ac76b,fbbfbee9e6cba8bca18fbcfc23dcfcb6,reeves,graph-coloring,unsat
d01642a07e1fc7f7,826a01aaab9f98e8fb6d3fbbf349078b,reeves,graph-coloring,unsat
674a9f140dd1ee2f,1397d1d4d8d831069a2cdf911321da07,reeves,graph-coloring,unsat
9e6379e3c0fecbdd,9fbe200523c648000d71b2c739093aa2,reeves,graph-coloring,unknown
b123ad5e8ecd6b38,48432767076e402d2accbf2da7260885,schreiber,school-timetabling,unsat
3beb25db98bf610b,9aa85c5c114245c182ed6afbe3d8daed,schreiber,school-timetabling,unsat
1f0563961d647180,1680176921bab3f01c4f7c33791c8c23,schreiber,school-timetabling,unknown
062e9ccc46b00bf3,5faba478cb08194407b5ec957ab08599,schreiber,school-timetabling,sat
262b79ba13d04d3c,b0abaa97c4663edc2048d86de3e2b226,schreiber,school-timetabling,unsat
da265b63d5860785,03e49a528251af9a7b7e1ca03c33b162,schreiber,school-timetabling,unknown
420ac228a62a122c,ad2247443454da1fbd4543dd1fa5b57c,schreiber,school-timetabling,unsat
992e45d5e2974fc7,f52a349677a5b5b5315b5954b3181fe3,schreiber,school-timetabling,sat
2e741d852dd82dce,fa3e27fb7209620b792d5c75a75d669b,schreiber,school-timetabling,unknown
8f17ad231ee47a0c,47173e8ab499159d3aa301b0101fe170,schreiber,school-timetabling,unsat
f374e0c47607b9ad,546a73eef02dda3719018050b09e9392,schreiber,school-timetabling,unsat
37eb873533ebe314,ba14be209c2fc064726025f017cef17a,schreiber,school-timetabling,sat
391f69c99b0dfc9f,8e5da99e8323af36e983a99b4df03b92,yalun,multiplier-circuit-miters,unsat
e9610092906a4d71,a4f816482e853dfad9a685ac1459e66d,yalun,multiplier-circuit-miters,unsat
aad5d7a7ced057db,a80a252b748882980d9a80ddea8c5cff,yalun,multiplier-circuit-miters,unsat
25aba406a0a638c8,3e7d8073c795d263ed862db64cf9f0fb,yalun,multiplier-circuit-miters,unsat
2f3e4c6aeb6f8f47,7ac164a9d153f0a2d9bf54a98d429636,yalun,multiplier-circuit-miters,unsat
3cd0735a37669eb9,991aec61a2751602d6d7b3e838035610,yalun,multiplier-circuit-miters,unsat
58da24f22f0f4339,932e2329dd1efeafe7151a0ebf3a343f,yalun,multiplier-circuit-miters,unsat
e7dbe9dd01efaddb,a08d0fcc98fe0ce9c53b2fd0c69ccc4b,yalun,multiplier-circuit-miters,unsat
99a2a057382504ff,6ad453d6174581d982c4e75e37a38d79,yalun,multiplier-circuit-miters,unsat
8f1ec5319adbd08d,c7449e5bc5ef75a69f8a454c13d371de,yalun,multiplier-circuit-miters,unsat
30df29bdd115fb64,20ae1404784ed226a1e3e4c9b2d61a41,yalun,multiplier-circuit-miters,unsat
0caff19ad12663b3,5f81a94799858590a2bc96db917bf894,yalun,multiplier-circuit-miters,unsat
352417981fc5373c,92b22042a950db2a9841f08d169d1bb5,zheng,exam-scheduling,unsat
c99a0f201e83b44d,5d8b47745dba3fe50f9c8712be389cd5,zheng,exam-scheduling,unsat
f908d0437f5ec99c,0d082b8fa36f662217bee5524cd24d3a,zheng,exam-scheduling,unsat
77b709acd4764ec6,aa4e80476e6a6ea1034e303e6b2e46dc,zheng,exam-scheduling,unsat
e7a9b97676e19951,a7e5d03892a17e51e22b688f51cf0aab,zheng,exam-scheduling,unsat
5ce190758ea7cbc1,266e890b706cf336378bf148bbda1aff,zheng,exam-scheduling,unsat
013119c5d646fe56,71849248b47db583f56e77f55f31e525,zheng,exam-scheduling,unsat
742f95130ea9cb7b,c44762c4b177ac64fd0919f37de8382e,zheng,exam-scheduling,unsat
dc1d2b3882b9ee3e,860788f93fb766e83e00a29de84180e7,zheng,exam-scheduling,unsat
dffa4432832b13e4,d27f76623aed2fce608c092b2aafafc5,zheng,exam-scheduling,unsat
416343e1a8329f3d,7b9620b5d7da55bda43595fe37867acd,zheng,exam-scheduling,unsat
7b10681094e8793f,12ac1c71ff0405cc150c2a2db6c4a255,zheng,exam-scheduling,unsat
a150108b807f12fc,3c51a565526faa922fb298a2658440e9,zhenwei,hard-cep,unknown
2510f15a7b2b87c5,a08c17f9a3888841cf7bbc75a807ff7e,zhenwei,xor-shifting,unknown
f1757a53ac09ad83,d10b8bcd1bb5977c5ffe2d1859e4335f,zhenwei,xor-shifting,unknown
612e34b764ee2775,231f3a169120d3cda9f8feea88a20d85,zhenwei,xor-shifting,unknown
a1735dca1063d1c5,43c298c756cac6d547a0457c2da7e468,zhenwei,xor-shifting,unknown
56f70f8667282c84,a60a138325ac9c88ab293ec0c801a95c,zhenwei,xor-shifting,unknown
89ae720e3d601d95,1707c4c24e66b2cfe6c03955b638bebf,zhenwei,xor-shifting,unknown
f3c9e635bfd7e407,ca7f7824a958b98512a0c96d73251f8b,zhenwei,xor-shifting,unknown
a8431f6d32f58f9d,ad5b80bb4d1b60bee12163df25846801,zhenwei,xor-shifting,unknown
6fc2ab0244a626ac,a110c13186ef5785df8da4bfa2ce9a6d,zhenwei,xor-shifting,unknown
a83beccdc3113aa5,d418605014fdeb1236bfa720ac460c62,zhenwei,xor-shifting,unknown
7837206352861755,8d2b018a5f8855b6ba1868a3ffff9d2f,zhenwei,xor-shifting,unknown
4238094f3266240f,776ff89b72b0f6290d69af6f95e13182,heule,allowable-seqence,sat
277c395d5484a2b0,d5949f26c5c5128ef2d4ac4d3b432cc2,heule,allowable-seqence,sat
b602efaa6a718248,4de5b7b3c8bf44b2e8c549128bc936a3,heule,allowable-seqence,sat
cba0af3d1893be93,a78606fdfd6cf6ee8358bd35fa833be6,heule,allowable-seqence,unknown
feb895b9738b7904,aa62e8cb5d38ac1b2d9eeeb8394eadeb,heule,allowable-seqence,sat
515060fe3332dadb,ad6bc2d583c43ff9ef00faad7e29a9c2,heule,allowable-seqence,sat
833a571bab367a3d,22465e251284b8f3e48bf9a06a94855c,heule,allowable-seqence,unknown
3cd87267273156d7,3b0eeddcabf36da8642c5774ac67680c,heule,allowable-seqence,sat
91e1c759691122f9,3732b6ac50b1c3f28d72247de89b00e8,heule,allowable-seqence,sat
fba0a0ce552e9348,4430d3502b0b5e6f4ed473437519e609,heule,allowable-seqence,sat
d8880b654600cef0,2ae678a4f0b8097615160a440efbe08e,heule,allowable-seqence,sat
4ab95354896fec48,5d02aa18eac7304c705577f1cce07784,heule,allowable-seqence,sat
89ed16a22c9d0bb9,ca18feb7d2bb6bee7a8ab28673fe1d62,heule,allowable-seqence,sat
9b38ac0f93da6e30,0d0fabe0fbca67a8740ebe8b8621d465,heule,allowable-seqence,sat
cdbf960382ea0003,6f1b15ebd0ac13c05fb052e5b0453f64,heule,allowable-seqence,sat
7114b0a7b0470612,8d0d8518a438d93428257d9a38863c3c,heule,allowable-seqence,sat
d8323d610e69e4ab,44452f4bac1e77157bbc900c5cc0756d,heule,boxfolding,sat
b7e3405417b5330a,808d66b11c602eb1d5728f3f8e90aaef,heule,boxfolding,sat
70a2de7537571394,2563ea83d8508d635cc034d80014cd72,heule,boxfolding,sat
6f240a553a99d9fb,aa0eadb6c4935468fd6954e23a550504,heule,boxfolding,sat
0938821b2790966a,2c4491c50d4df86e7c1838083cedc703,heule,boxfolding,sat
4c2d394b576cfe94,a4eec7a5fef59547129822f6b513d54c,heule,boxfolding,sat
63a3c7893a081b81,8caa9b4b72b5f1782fe4554980978cbc,heule,boxfolding,sat
e00b65f7568452b5,e5066e18b03451d92863160ed8166bdf,heule,boxfolding,sat
7ca590ddff09ea63,c62a1855a4db8ae0b4bd625455332a4c,heule,boxfolding,sat
22c7142333397368,147ae051ca727d5b2af87223b2299fbe,heule,boxfolding,sat
b6530746fdecb462,f604f43d1f5525f3dab4090190adbc66,heule,boxfolding,sat
d7d517c9d65b5b00,02a46668243d6dabab4cf74d3811f6b6,heule,boxfolding,sat
d141cae465d90879,44b7d2c8d08574002ac959e6d1ef30ae,heule,boxfolding,sat
3babddf984f63e78,da6fae94ae1b1cedcced7169df02a762,heule,boxfolding,sat
4af9e2ccdb72630d,5f729f069a233fa88dfb470bbee7c924,heule,boxfolding,sat
77d31e5d23bf6c13,9a4837429c656a71283b8d5bb41c05a7,heule,boxfolding,sat
20654322d7d3e3c2,dbbcaa7797145dfddfa4fe73ce91fdec,hieu,cyclic-anti-bandwidth,unsat
b3b87b9e3f23475a,aa2e02360b19c83da68e39e39c530923,hieu,cyclic-anti-bandwidth,unknown
ba39b2518febbcf4,3b560b9eafce79a4ac3c1062a9e72028,hieu,cyclic-anti-bandwidth,sat
52b431550d4aaf45,5f9d0127b390a4686171311d38f3fbf8,hieu,cyclic-anti-bandwidth,unknown
52db730b60139d07,9541d12f3e3d9201085c13f25145d2f7,hieu,cyclic-anti-bandwidth,sat
be115844391d8456,07df5e6f674201e2bf31bcaa8866ba75,hieu,cyclic-anti-bandwidth,unknown
8459a6166ddb24c7,af9c2fb7046eb845f185c64cd9dd1006,hieu,cyclic-anti-bandwidth,unknown
8e358206a3690308,49644428681a87666a68fc9380dce072,hieu,cyclic-anti-bandwidth,sat
f24bbb32cf12336c,da34db9ea6b524f13708357f38432bb6,hieu,cyclic-anti-bandwidth,sat
645874f6d29b5174,9376a4be372c14aa68235831712ff3f9,hieu,cyclic-anti-bandwidth,sat
ca723cde5792c77c,8456155de4cd22425ec479f75af089c2,hieu,cyclic-anti-bandwidth,sat
ecf2443f45a82f36,1b9c308123cb2b48d1894fc6d1848f1e,hieu,cyclic-anti-bandwidth,sat
bd91d017befb8c99,5e1f1759de9bf931a8e26dbe7dd5b212,hieu,cyclic-anti-bandwidth,sat
fd5f98568e332f2c,31fa00368fc99b15c33c04eb6b257deb,hieu,cyclic-anti-bandwidth,sat
4d893a8c188a25f8,ef063cf2e17dd6472f514ab549a5eed5,hieu,cyclic-anti-bandwidth,sat
93829b20207db111,c300445f0f756c8f5d6571ebf0bb6edc,hieu,cyclic-anti-bandwidth,unknown
254d1eb903bdd974,e685a5d96e1ee9e051f191eca84b0d88,xudong,datapath-equivalence-checking,unsat
733824752318013c,12535b3264a9c88bac14522171b497ef,xudong,datapath-equivalence-checking,unsat
753ff97e5c3113c7,2a38c5d48846ee1c35c4c40938082a16,xudong,datapath-equivalence-checking,unsat
8066d1463c0c29a8,211b0708454f7901054f5f92f525972e,xudong,datapath-equivalence-checking,unsat
b030d9d23c8d41f6,5ab5ac8d66c7e375037f12a536baf721,xudong,datapath-equivalence-checking,unsat
b6722d547004b7f7,27495ba0093076d2e39a9b218e521ee2,xudong,datapath-equivalence-checking,unsat
0712fd12c0787aae,e305def35c314eec8266087e89a9ab46,heule,ntil,sat
1243d7e994c43a78,1236c1406a2749b8022b5196e93de589,heule,ntil,sat
144ef4485146b891,2b8cac8e1f5cad04696004e7fbf5cf2e,heule,ntil,sat
17f2ce7d98e732ec,dc691557cfebca28aefe7360768389e5,heule,ntil,unknown
3e8cfc49a05689a7,3a9dfcbcb56689f1118fd7a2150c3c0c,heule,ntil,sat
5705b48784cf85f7,fed1f1b55b33c7e0f8356832d571b0bf,heule,ntil,sat
6c9bff16e436df2c,2d261a19d2754d92da3ddff04fda23c8,heule,ntil,sat
71162b4ad6b9510d,553b056f2651fdc182ca74174aa8ea10,heule,ntil,unknown
910d7fab9cb9ac84,e8ccbfaa2762cd0fc22b0ab05bacf529,heule,ntil,sat
96442fdb8fd349a3,09e0775d2b51c49ec1ec4d214ee7c8c8,heule,ntil,sat
967a9ac7d5d2ee6a,fd1e0ce3662b9b25d23eb01c6e53a425,heule,ntil,sat
9dbef897676f7ce9,f5bb000a2fb23f3a5c19df2b6613cf77,heule,ntil,unknown
b4fc813a38d5e4a0,75b23436a531bbc4004f43009cb4546e,heule,ntil,unknown
d23de10f5ace6b94,0e06895600b5cd0b6fadb87e17bf8145,heule,ntil,sat
f2f7a9e8ea6f120c,46dc5e955b1fb541678d0634389353ac,heule,ntil,unknown
fe3e99ec91c86055,87dbc3302b82c09e19c55059fb943191,heule,ntil,sat
565e17a68e59d2f2,43d40ced32b5be08814ef24f97379654,shiv,sudoku-php,unsat
c7c75bf3ed5c924b,f83424f869b61931d720f93e5a12df3c,shiv,sudoku-php,unsat
004e5cf6665a9a95,b9a626da76f235aab854c6ef516b9240,fuhs,termination-analysis,unknown
00ee5450db843129,0922feab75c35d04d9b8df69013a6df0,bebel,prime-factoring,unknown
039203366b4be30e,8390dca257561c53bf4eb6e158a2285f,klieber,crafted-cec,sat
07ada0346e6c153f,7db30d12cb06f0dc2f30abff80d96d6a,pakin,binary-tree-parity,unknown
07fd74c85192de66,166e1e5a9f63fcf94ddae8533fa2a090,wynn,cardinality-constraints,unsat
08bb6f3d5150275f,6e8dba16e06c793a2daca1fa440eeb4f,maoluo,polynomial-multiplication,unsat
09ee9de37b54b449,d0b5d1dc96a5bf33d2c65106c3b179a8,connamacher,generic-csp,unsat
0b1965d81933b901,0359596347daa117da50950748bc06d1,shuolinli,scheduling,unknown
0bb766ac9414f95e,3005623c4df6f5056a41a26d0f173e70,kochemazov,influence-maximization,unknown
0f8e13b06b54da4f,53e8a231196dfdf1baebfa2f29646f14,li,circuit-minimization,unknown
12b5a26c2786e601,a957fdb07df865bb4fd24a00ceb49fdb,frioux,cril-misc,unsat
143f5eb94eead552,b76b9699c2deb74dd9b4a99a05179acd,soos,cryptography,unsat
1446877e85276d5a,e430acf720b63044e5c825a00a76b0eb,yldirimoglu,relativized-pigeon-hole,unknown
1473ee83a8c23bc3,c261941bfec8b89d75fee1a66a839169,manthey,gray_codes,unsat
16b9aeec13ad4e33,284dec9d0d0404c8b80d8bd8064e4c68,heule,quasigroup-completion,unsat
16cb4218437b7837,510df610f94d5d57073a2c3b694dac4c,newman,station-repacking,unknown
18fb947ae4d83da9,67133027ab55906e3b757148ca7011dd,ehlers,sorting-networks,sat
1b35101486e98a12,262a226a47330987f038128579967405,unknown,unknown,unsat
206140e7d95180b7,91e0db01b254eb78f6643328045bfeb9,johnson,stedman-triples,sat
22d8b3da92d7093b,ddf6fff9ebbbe9ec2a02f70b3316db6d,unknown,quasigroup-completion,unknown
2406282062ac5bb4,faf4561dc9f61c71b926d7d0aec7fb4a,brummayer,bitvector,unknown
255e953585c8ee56,23daec2c71ce3c1e346e6042f3dc42eb,bryant,minimum-disagreement-parity,unsat
274ad90c459c427d,1a3bef9e03bab1ed4e9e34506d72a451,devriendt,coloring,unknown
2a65fbd4b20bc728,c6487f6dfcc1438eccca1876a33d9a9c,ostrowski,genurq,unknown
2af32cff3c179a73,fac2035ba83ac2d0c2d67509d3f82b94,yalun,multiplier-equivalence-checking,unknown
2afc461964b12147,4989239fbeb6eb40fc0b664d9ba92636,manthey,cryptography-ascon,unsat
2efc2c0a5333d38c,b438fa464c20a19fdb7788a3f0016f32,savicky,tensors,sat
2f9729ac5ada7d5d,91860f79f079fede859034c7d76a98a2,newman,station-repacking,unknown
30aa43cd484eb2b8,372021735d9e46002b862aa2a038a818,shuolinli,scheduling,unsat
30ffde9badb0cec5,dc7817dfa2817916b266c1cfacd2ee66,zhengyu,ramsey,unsat
3105c0bec3864576,3e44926d72e94f5ceccbb69de24033b2,maoluo,polynomial-multiplication,unsat
311103f30d9b8cc0,9ef9243ff051b32795890fccd6c3f6b2,riveros,sum-of-3-cubes,sat
328b49f9a9ff6bc1,37c88155822f1934a190dd6f4614f0ce,stojadinovic,scheduling,unsat
355ffa00f81a1005,b358bf7111086fd6d60b11c2f01465b8,skvortsov,automata-synchronization,unknown
3679f3ea94051e3e,ac6256657058fe65dc7ddaf773ab83bf,djamegni,scheduling,sat
37888cd7474e6f35,b3c587501567db72e6e66c6930cf15ed,sambuss,st-connectivity-principle,unsat
391e783fe80075f4,6e297bdb1c3f957f6333c37804805ecb,chowdhury,cellular-automata,unsat
3977c642f475785f,276c46723eeb15ec37be224fbbd67574,gocht,cryptography,sat
3a4a69d1861a99e5,7cbc3ce2052ba7c5b501f75af58ab3c4,yuhangqian,cryptography-simon,sat
3dfafea07d858db8,5553fec254b32349e0e48c7ee1e2d6c7,post,cryptography-cbmc,unsat
3ef93e464a451d40,3ed56242f55e3653dbceeb4a70221787,huang,rbsat,sat
40c4d6e1faef3b06,626c368587dd880086afc7b3fa1e6f27,ehlers,sorting-networks,sat
414c4f7244f07d9f,1eea3d913d346b900252d77fc0cb25c8,simon,minimal-disagreement-parity,sat
427a24fe3ed288a2,59b585a33d30e6b7a476ed52a3f0384d,frioux,cril-misc,unsat
453d3ec2a7b8747d,6793abe982f9d5f9646f6657e13ecc39,newman,station-repacking,unknown
453fa425e2b912b4,965ca988015c9aee5a1a7b2136c1fe5d,green,register-allocation,unsat
458833a5597f1ef3,5d06225b27017e9a703f10cb577cf3bf,anders,clique-coloring,unknown
45e6d40755d4ab80,b1c44904cf06682f973b60c8282f45e8,wynn,cardinality-constraints,sat
45fe5f972b0581c0,2bbc3327d89b59591b89b5d5a486f037,nossum,cryptography,sat
47e922eeaa37e8f1,3367ba4c01fe07b385980a14211f250e,li,circuit-minimization,unknown
4a206f7cce33b316,45a09efb026036ff4b8d19024a7563a9,riveros,fermat,sat
4a908cf3e50501aa,93983a1211a506a87907c7e2ffa4e818,unknown,circuit-minimization,unknown
4fbb5ff31d55c42c,4ae685a11b5cecca76dc3d463481ce92,sterten,hamiltonian,unknown
5057c7a882738f54,129162378e8ad29b5485a9c53feee4b7,gardam,algebra,sat
51b59b9e3e0af45f,74931e82fd208ed949fa44bccd80df6b,nuttall,subsumptiontest,sat
53148e09ac9a22b5,1890f49a43a94b97828528b68c32b78e,aloul,fpga-routing,unsat
563dc0aa22a9f75b,5cae5c0629ce1c724746af890410cfc1,jarvisalo,ensemble-computation,sat
57390eb7a0ed0f87,d4a6b1a299c7a8ad6ea9769abcc60507,kullmann,greentao,unknown
5a351b464e0e0640,e55a49d8065d65650f24c0f3ecef30b6,cherif,maxsat-optimum,unsat
5aa75bcee5fb68cc,2fcd8533eba981967292f1b6e41f7433,yuhangqian,cryptography-simon,sat
5b74fa5533c876ba,2b35377a7b95f24449a3b607b61fff05,unknown,agile,sat
5d15757121038dcd,bfc825d1eb0670fd90805c546fea5c6b,ehlers,sorting-networks,unsat
5f41a879bf97e48f,77bfac6b280653e63013f77d0991484e,xu,unknown-cases,sat
60913d63b7cd9417,e67d733d9938c565d6359002333611ff,niskanen,argumentation,sat
66d62276382b25ba,0aea4286a11d91ee8fa356d5db046373,md5gen,cryptography,unsat
67ceae8511d5921c,5f65b4cceeb01c56e037df144309b29e,anton,subgraph-isomorphism,unsat
6813ffe1df05c0ef,a42230be4432b010789b6f97b090343c,gardam,algebra,sat
68992d26305c1b30,d8225a58e2ca7c2fb93c533f406c02d5,biere,antibandwidth,sat
69831bb4f53165de,8f5bca645bd8738eb74c2e1dc284774a,lynce,social-golfer,sat
6f21c2ce81c42ee2,8d2dfc50c1759dc11a6564d5c368c6df,sambuss,equivalence-chain-principle,unsat
6f5dcd0f21fccf8f,6d815089fb4095208754622b4c44a8f7,shunyang,multiplier-circuits,sat
6f9c963fdddee738,08cf53ca00dce11f5bfc02121c9bcd33,kullmann,greentao,unsat
70258e61db124b10,29a27e97790bda6c34808f631dd0418e,unknown,linvrinv,unknown
710931f17428cf9f,22c8d6aa86d51e15ef5ab37479eda22b,oertel,ordering-principle-xor,unsat
72018c50c15678a7,337ee3de87f824f99508e65faa6e1a0b,zhou,social-golfer,unsat
721256c2a34925a6,90937ed75ba0560158d8fe45f303868a,xiao,polynomial-multiplication,unknown
73f8011e3e38b3b7,011984fd82d62d609e776fbf5de75440,shuolin,p-center,unknown
7452a4ee0f4b01f2,b54b26f38d40a687b6277c49cf85de69,hickey,baseball-lineup,sat
78063bee8680f4bf,4aab4f954196d3277d9ca7b17c52acca,anders,clique-coloring,unknown
783c3aeef445b7a5,e2b819680a045a8af67f82fa2f3d945a,newman,station-repacking,unknown
78fc25f713bd7d79,a8dcaf436bda091dad9ca1ff58de7287,manthey,cryptography-ascon,unsat
7d064196067609ae,805a742eb8b4e0df3561ca8e0670670b,aloul,fpga-routing,unknown
7e451837c9536fa6,123c397f55eeae78c45e8d973b8e9dce,bonet,bioinformatics,unsat
80d28a9b0d9bab4e,30e8b47741a4104c01eeea1d00bbce9e,post,cryptography-cbmc,unsat
820af3ff860ae7d2,dd5d530ac8bf0019412d023488b075eb,shuolin,p-center,unknown
824483140bebca3d,4e64ffc14db014d5591f40865376c32a,chung,satcoin,unsat
8293e6f138112338,6cfd9ef85d9f6e62dcbb9a4fd9334c90,kullmann,greentao,unknown
83dfe77c4df5ab1f,0cab9100cdd8505069301d658d085899,fuhs,termination-analysis,unsat
85ffc3c189af7340,9d20bb1bd01838d70177ffd3aa284aeb,kojevnikov,miter,sat
86479989cc2ab142,c15b09b9a7ceff4d4c8fe705958f92ba,ehlers,sorting-networks,sat
866257e1d513dd73,12cd0c3196589ac8105653cbfe613fc6,marques-silva,hardware-verification,unsat
8c166d0f42682ee2,5ee05ef0bcb42cb12bd698978c05178c,spence,sgen-balanced,unsat
93795ec2bc2036a5,042cdc726a92bf0a2195b3b426f35bce,froleyks,independent-set-reconfiguration,unknown
95eeaa41e42bc0f6,4f09ef861ee74e50dc101765e1ce27fb,kochemazov,algorithm-equivalence-checking,unsat
963cc6cd20a9f12f,6db4b3f59a1e530ca5309d8a7544f5c3,lardeux,coloring,unknown
98b98e084cb95c0e,15456f0d13b26f0b4b21525ef7d0d711,oertel,clique-formulas,unknown
9af4196c92e76ac6,81c36c1f55a6ee8e180f53f140ce05a3,riveros,01-integer-programming,sat
9e1a541193a28e3d,920bbe559da4ea37fd636605316a791c,zheng,set-covering,unsat
9fb97b64030ed771,db15a85651e0d941a11bf8640625edd8,bryant,minimum-disagreement-parity,sat
a2d61a517e84ca64,b69132879ed9ea0c8af1bc1e478d6ec3,preiner,bitvector,unknown
a3c0873940b74869,f8a3fae231fe11905d91db3fb6c42449,mosoi,mosoi-289,unknown
a481cc61f96f5108,a45aefde8bb26edb9634004146d0de89,unknown,circuit-multiplier,unknown
a4f9880e191a9db7,f1d1a4fee20e2907c33465a88d1e24f2,rintanen,planning,unknown
a81a17c0f8d2c869,09637d3bd641b4d733666a862e8918ea,surynek,planning,sat
a85041c7ad55a93f,7fe153ced2c966dcdeb42b6714b4d6b7,zhenjiang,sudoku,unsat
a8ce7ca26e1e9a99,f8443057c188f6c9cfb711ff3d4aa6ff,zhengyu,quantum-kochen-specker,unsat
a969da316dbf3dd1,7b40e39148de4d5f8d9384d6937c287e,wallner,argumentation,sat
aa3c37e5c104e570,62eae28dcf3170b1547fb5db73e6a295,wallner,argumentation,unknown
aad708af96680627,b697738cefe9cb2dd62f24653a13b341,heule,erdos-discrepancy,unknown
ab66be4b7dd1d3c7,3598c10125496ad7218852effc5c711f,anton,subgraph-isomorphism,unsat
ac38d89f66b81ebd,1f81f7e009f501014cb23a8c2d41836f,anbulagan,diagnosis,sat
ac55114439fb477f,5ce7d137442bd97a321a883c425e4634,newman,station-repacking,unknown
ace90e89155ba88b,cb2e8b7fada420c5046f587ea754d052,oertel,clique-formulas,unsat
aeb2baa8d75ee179,3c4ac805726d78a869ff8116ee3533db,aloul,fpga-routing,unknown
aef174b833627715,2c458ef30d7b670f143d6c6e175e3ee9,mihal,oddball-weighing,unknown
b00d4b7b7e1f59c3,c8cde50f32ca3f78a4c74a173c63449b,mihal,belpyramid-puzzle,sat
b2a48143cf3a1199,53d23b2b464a5c041114eb1f00cc4b81,kaiser,sliding-puzzle,sat
b35e416cf809ff27,425c81fc3af7f5124b6282583d80df11,bryant,minimum-disagreement-parity,unsat
b45b3a7a8baa2906,82cad197a0b7919f1f51ec51f7267e6f,ehlers,tree-decomposition,unsat
b4d2896711e58ff8,fca71c20202ef404349136c3a00465eb,heule,edge-matching,sat
b53106b54c160c73,61fee64c8fc7f05b97a2bc14c0c2bf41,simon,minimal-disagreement-parity,sat
b8a9197ef0d24760,fbf3b9f8a03a1efedae3da04622fe96e,xinyan,circuit-equivalence-checking,unsat
c3eb80b20bd65260,ebc40cf47836100655aea44ef1ed46da,heule,matrix-multiplication,unknown
c4c54583de28320f,3e912cd2a499b8f956246b866e2f9f64,shaw,cryptography,unsat
c5f67baa4764e193,5314fd6ccb53b6f6af49a594ea68a273,zhenwei,equivalence-checking,unsat
c6db7912fbb278c5,0be1e12a8e7282d1a4e389bb90f6dbc7,yldirimoglu,or_randxor,unsat
c6de7aa7776050c0,cc42cc7a8022820cbd0e98595126d07e,frioux,cril-misc,unsat
c784ca29690cca84,878bcc11e1e243680f7946bcf428f465,osama,software-verification,unsat
c94c0b159a77a2a6,0c9da400944b002f90fd385d4fdab385,nuttall,subsumptiontest,sat
ca5766ce380218bc,8117a2ac08e1acf52f660663efe2a5ca,guanfeng,hgen,sat
cbba7ec58c43a991,40ae60a61929b6bfa2ac99ab4b9a0f7e,fleury,grs-fp-comm,unsat
cf43a93db483c07a,8da88a43b4ac226f614dd82d4519d8c6,bebel,prime-factoring,sat
cf6d27000e5e4294,bd0b055b890a9ace598a0c4aba40de30,hiller,trigonometric-functions,unsat
d1abc325a2e33667,5220b0e01fb49440531004bebbafbc44,aws,software-verification,unsat
d31e6857973cb61e,a2fdd0935df1379c67cf1bb93ef2cfad,newman,station-repacking,unknown
d43dc0e92c574f93,824cd6f379c23cc863e501e397092cb9,kochemazov,algorithm-equivalence-checking,unsat
d4a7a72498c4d24c,8990b3506e948e87b005d103d1ce6eb8,kochemazov,algorithm-equivalence-checking,unsat
d566fd2ba78885c0,3a8409393cc1ebae1444a079d216f221,zhang-lintao,xor-chain,unknown
dcfb30f43f3e10a5,cc436db9fe0278663ce376e068069815,unknown,bitvector,unsat
e03675a09e0334ed,95f346a183b890307596310fd33b4836,jingchao,prime-testing,unknown
e084fb10de0558a8,75429ff7acb5acb597abe01aa745c2a6,jarvisalo,tseitin-formulas,sat
e0af5710f645bcad,b2047f327e213b5f14adb8c75ee514fb,newman,station-repacking,unknown
e148f8577647a1bc,b023ea0eb9adbd9182c01d7e2d443289,wynn,cardinality-constraints,unsat
e164ab59769a1392,ac3e3bb744e258282990aa4307c08cb8,leberre,2d-strip-packing,unsat
e1891ed2d3877017,7e21850936d6127540157afaaf912c02,bevan,tseitin-formulas,unknown
e607ce0b9e5d7f7c,7a13ffe9546cc7dfabdedebb64700e8a,nejati,lam-discrete-geometry,unsat
e63e37af3d7402b0,a789d0722f1aa0d44c5a38b374719c69,jianmin,md5-equivalence-checking,unknown
e91d8d41899c4e67,04d0ae28e10d4a35ebab62f42f0200e8,preiner,bitvector,unknown
eab06ae35b6f567d,1bb9fe12b4fb50e98903ee87a51d6472,goldberg,miter,unknown
eb70d69237645fa5,416e33a8463911546e4cd87d282a7e1e,xu,unknown-cases,sat
eb74a7424426fbe1,c615d49f357813514966186ab834be28,shaw,cryptography,unknown
eee603b44c3dddb6,db099269d468029b70419bf4a49e99a1,wallner,argumentation,unknown
ef3bb241c3495fc9,7d311f620f4ebc4adf8f4079899750eb,sterten,hamiltonian,unknown
ef6432943cd5c40b,324b2441c6f1fa9d5f3cf3a4c8447fc7,djamegni,scheduling,unknown
efbd6252f614b05d,ae48df6541d190c096b1e5ba22d1b534,leberre,2d-strip-packing,unsat
f033bb4ab3c60e7b,e4d1892db27b721b88e5ee7e5987649f,jingchao,prime-testing,unknown
f03a0a0a24c5d036,4551c996fc6f5fbe62b43076abb25077,zhou,knights-problem,sat
f05029efe4b187b5,2b7e863462991fd008f9898eca63ebf4,tchinda,school-timetabling,sat
f1a3be7484d93d1f,de8c42d50f1dbf43a731f1916dc6bf01,yalun,multiplier-equivalence-checking,unsat
f41f510f79196042,83ced7d9ee8058c52c9a68ded7fad0a5,mayer,coloring,sat
f68ca466b425c654,543e67dd5abc272c37775b1b742a1d9a,gomes,quasigroup-completion,sat
f7a846c95bc1f0ce,180e6d8b61fe6bab26126b78591e324e,hickey,baseball-lineup,sat
f80ff207db4051ea,e85fb114c33f450dc2622c78bc6fa019,jinjinliu,miter,sat
f963acc392b13fd6,6add7e416c1126607afeb2666af330ac,zhengyu,quantum-kochen-specker,unsat
fa082acca3dcc29f,d9fe50de72fb34ea94518c32d8f3077c,soos,cryptography,unsat
ff5e13286c4914c4,62060247cd0ad566a828c30571c2c774,heule,philips,unknown
ffb09d7954c44efe,16ca57f2cdffd5b0260fc771017e1f04,bryant,minimum-disagreement-parity,unknown
